{
    "epoch": 5.0,
    "eval_accuracy": 97.39999999999999,
    "eval_average_metrics": 97.39999999999999,
    "eval_loss": 0.05100463703274727,
    "eval_runtime": 2.669,
    "eval_samples_per_second": 374.666,
    "init_mem_cpu_alloc_delta": 231034880,
    "init_mem_cpu_peaked_delta": 551796736,
    "init_mem_gpu_alloc_delta": 915201024,
    "init_mem_gpu_peaked_delta": 0,
    "peak_memory": 13.577646484375,
    "test_accuracy": 94.38073394495413,
    "test_average_metrics": 94.38073394495413,
    "test_loss": 0.09700337052345276,
    "test_runtime": 2.3677,
    "test_samples_per_second": 368.284,
    "train_mem_cpu_alloc_delta": 1639170048,
    "train_mem_cpu_peaked_delta": 0,
    "train_mem_gpu_alloc_delta": 64435712,
    "train_mem_gpu_peaked_delta": 13257557504,
    "train_runtime": 998.7608,
    "train_samples": 66349,
    "train_samples_per_second": 2.598
}