{
    "epoch": 5.0,
    "eval_accuracy": 95.7,
    "eval_average_metrics": 95.7,
    "eval_loss": 0.022039365023374557,
    "eval_runtime": 6.0392,
    "eval_samples_per_second": 165.584,
    "init_mem_cpu_alloc_delta": 240324608,
    "init_mem_cpu_peaked_delta": 551604224,
    "init_mem_gpu_alloc_delta": 915204096,
    "init_mem_gpu_peaked_delta": 0,
    "peak_memory": 41.18335400390625,
    "test_accuracy": 93.26377448288487,
    "test_average_metrics": 93.26377448288487,
    "test_loss": 0.036672450602054596,
    "test_runtime": 33.8269,
    "test_samples_per_second": 161.499,
    "train_mem_cpu_alloc_delta": 1629663232,
    "train_mem_cpu_peaked_delta": 0,
    "train_mem_gpu_alloc_delta": 65145344,
    "train_mem_gpu_peaked_delta": 42203527168,
    "train_runtime": 3241.2271,
    "train_samples": 103743,
    "train_samples_per_second": 1.251
}