{
    "epoch": 5.0,
    "eval_average_metrics": 91.29440389294405,
    "eval_em": 91.0948905109489,
    "eval_f1": 91.49391727493918,
    "eval_loss": 0.205985426902771,
    "eval_runtime": 25.0611,
    "eval_samples_per_second": 54.666,
    "init_mem_cpu_alloc_delta": 166653952,
    "init_mem_cpu_peaked_delta": 551759872,
    "init_mem_gpu_alloc_delta": 915274752,
    "init_mem_gpu_peaked_delta": 0,
    "peak_memory": 65.92677783203125,
    "test_average_metrics": 74.10988842031277,
    "test_em": 73.61623616236163,
    "test_f1": 74.60354067826391,
    "test_loss": 0.47040924429893494,
    "test_runtime": 245.2584,
    "test_samples_per_second": 61.878,
    "train_mem_cpu_alloc_delta": 12750999552,
    "train_mem_cpu_peaked_delta": 0,
    "train_mem_gpu_alloc_delta": 73127424,
    "train_mem_gpu_peaked_delta": 68140834816,
    "train_runtime": 6721.6094,
    "train_samples": 137484,
    "train_samples_per_second": 0.4
}