{
    "epoch": 5.0,
    "eval_accuracy": 93.89999999999999,
    "eval_average_metrics": 93.89999999999999,
    "eval_loss": 0.034923434257507324,
    "eval_runtime": 4.088,
    "eval_samples_per_second": 244.617,
    "init_mem_cpu_alloc_delta": 228737024,
    "init_mem_cpu_peaked_delta": 551952384,
    "init_mem_gpu_alloc_delta": 915185664,
    "init_mem_gpu_peaked_delta": 0,
    "peak_memory": 40.0775068359375,
    "test_accuracy": 90.61835270838486,
    "test_average_metrics": 90.61835270838486,
    "test_loss": 0.05364511162042618,
    "test_runtime": 161.7161,
    "test_samples_per_second": 250.006,
    "train_mem_cpu_alloc_delta": 1637642240,
    "train_mem_cpu_peaked_delta": 0,
    "train_mem_gpu_alloc_delta": 64503808,
    "train_mem_gpu_peaked_delta": 41044622336,
    "train_runtime": 7567.7004,
    "train_samples": 362846,
    "train_samples_per_second": 1.873
}