{
    "epoch": 5.0,
    "eval_accuracy": 93.89999999999999,
    "eval_average_metrics": 93.89999999999999,
    "eval_loss": 0.034923434257507324,
    "eval_runtime": 4.088,
    "eval_samples_per_second": 244.617
}