{
    "epoch": 5.0,
    "eval_accuracy": 86.56427990235964,
    "eval_average_metrics": 86.56427990235964,
    "eval_loss": 0.12521575391292572,
    "eval_runtime": 69.3742,
    "eval_samples_per_second": 141.724,
    "init_mem_cpu_alloc_delta": 237273088,
    "init_mem_cpu_peaked_delta": 571097088,
    "init_mem_gpu_alloc_delta": 915234816,
    "init_mem_gpu_peaked_delta": 0,
    "peak_memory": 42.8662353515625,
    "test_accuracy": 86.16403464085583,
    "test_average_metrics": 86.16403464085583,
    "test_loss": 0.12625543773174286,
    "test_runtime": 64.179,
    "test_samples_per_second": 152.932,
    "train_mem_cpu_alloc_delta": 1640325120,
    "train_mem_cpu_peaked_delta": 0,
    "train_mem_gpu_alloc_delta": 64686592,
    "train_mem_gpu_peaked_delta": 43968584192,
    "train_runtime": 13748.7172,
    "train_samples": 392702,
    "train_samples_per_second": 1.116
}