{
    "epoch": 5.0,
    "eval_average_metrics": 86.18884889296436,
    "eval_em": 80.4,
    "eval_f1": 91.97769778592871,
    "eval_loss": 0.13489143550395966,
    "eval_runtime": 19.1895,
    "eval_samples_per_second": 52.112,
    "init_mem_cpu_alloc_delta": 151822336,
    "init_mem_cpu_peaked_delta": 550891520,
    "init_mem_gpu_alloc_delta": 915219456,
    "init_mem_gpu_peaked_delta": 0,
    "peak_memory": 76.55583349609375,
    "test_average_metrics": 76.47528306829813,
    "test_em": 69.15799432355723,
    "test_f1": 83.79257181303903,
    "test_loss": 0.31135958433151245,
    "test_runtime": 170.4557,
    "test_samples_per_second": 62.01,
    "train_mem_cpu_alloc_delta": 12673548288,
    "train_mem_cpu_peaked_delta": 0,
    "train_mem_gpu_alloc_delta": 73534976,
    "train_mem_gpu_peaked_delta": 79285855232,
    "train_runtime": 4562.9522,
    "train_samples": 86599,
    "train_samples_per_second": 0.371
}